Open,High,Low,Close,Adj Close,Volume
165.67999267578125,166.4600067138672,164.67999267578125,166.36000061035156,156.40321350097656,537800
167.66000366210938,169.3000030517578,166.2899932861328,169.02000427246094,158.90402221679688,503100
167.49000549316406,167.60000610351562,160.72000122070312,161.9199981689453,152.2289581298828,480500
160.42999267578125,161.3000030517578,153.94000244140625,159.42999267578125,149.88796997070312,702500
155.72000122070312,158.47000122070312,154.6699981689453,154.69000244140625,145.4316864013672,985400
160.8300018310547,163.67999267578125,159.82000732421875,162.4499969482422,152.72723388671875,994700
162.4600067138672,163.1199951171875,158.52000427246094,159.0,149.4837188720703,503900
160.47000122070312,160.80999755859375,158.2899932861328,159.57000732421875,150.0196075439453,385800
160.91000366210938,161.6300048828125,159.83999633789062,160.6999969482422,151.0819549560547,389100
160.72000122070312,161.33999633789062,159.8000030517578,160.6699981689453,151.05377197265625,566500
161.33999633789062,161.69000244140625,158.86000061035156,158.97000122070312,149.4555206298828,567600
159.33999633789062,161.02999877929688,158.97000122070312,160.42999267578125,150.82814025878906,593100
162.11000061035156,162.1699981689453,159.25,160.14999389648438,150.56488037109375,713200
155.66000366210938,156.1699981689453,153.1699981689453,155.8800048828125,146.55044555664062,599900
156.3699951171875,157.32000732421875,154.97000122070312,157.22999572753906,147.8196563720703,361500
155.3000030517578,155.63999938964844,151.8300018310547,152.11000061035156,143.00608825683594,449500
152.86000061035156,155.00999450683594,151.75,153.33999633789062,144.16246032714844,513700
149.92999267578125,153.0399932861328,149.42999267578125,152.05999755859375,142.95907592773438,632200
155.92999267578125,157.63999938964844,155.5,157.0800018310547,147.67861938476562,777100
156.39999389648438,157.52000427246094,156.1300048828125,156.57000732421875,147.19915771484375,488200
156.05999755859375,157.02999877929688,154.58999633789062,155.80999755859375,146.48463439941406,507200
156.38999938964844,157.4199981689453,155.4199981689453,156.82000732421875,147.4342041015625,462700
154.74000549316406,155.88999938964844,153.8300018310547,154.2899932861328,145.05560302734375,542400
154.7899932861328,156.75,154.72999572753906,156.60000610351562,147.2273712158203,290700
155.69000244140625,156.3699951171875,153.74000549316406,154.0500030517578,144.82998657226562,667800
153.38999938964844,154.60000610351562,152.41000366210938,154.32000732421875,145.08383178710938,880900
155.5500030517578,156.2899932861328,155.0399932861328,156.1199951171875,146.7760772705078,377100
156.69000244140625,157.7100067138672,156.60000610351562,157.13999938964844,147.73504638671875,282500
158.16000366210938,159.4600067138672,157.9499969482422,158.77000427246094,149.26747131347656,313900
157.0399932861328,157.64999389648438,155.99000549316406,156.60000610351562,147.2273712158203,357700
158.36000061035156,158.6999969482422,156.49000549316406,157.44000244140625,148.01708984375,369100
152.75,154.0500030517578,152.13999938964844,153.8000030517578,144.59494018554688,574700
155.63999938964844,157.2100067138672,154.7100067138672,155.1199951171875,145.83595275878906,679300
156.05999755859375,156.2899932861328,152.1999969482422,152.50999450683594,143.3821563720703,388300
151.8300018310547,152.80999755859375,150.3800048828125,150.66000366210938,141.6428680419922,545700
148.22999572753906,149.86000061035156,148.0800018310547,148.3699951171875,139.48992919921875,847600
146.58999633789062,148.58999633789062,145.3800048828125,147.63999938964844,138.80361938476562,844500
148.05999755859375,149.80999755859375,147.14999389648438,149.67999267578125,140.72152709960938,1204100
118.2699966430664,118.69000244140625,113.2300033569336,115.0199966430664,108.13595581054688,11290200
118.52999877929688,118.66999816894531,113.86000061035156,114.5,107.64707946777344,6608600
109.66999816894531,110.33999633789062,107.69999694824219,108.11000061035156,101.6395263671875,5486700
106.80000305175781,109.87000274658203,106.05999755859375,108.62999725341797,102.12841033935547,2824800
108.0,108.1500015258789,105.66000366210938,106.83000183105469,100.4361343383789,2615900
106.30999755859375,106.33000183105469,104.63999938964844,105.83000183105469,99.49598693847656,2235600
108.5,110.69000244140625,108.33999633789062,109.70999908447266,103.14376831054688,1834500
111.63999938964844,113.77999877929688,110.88999938964844,112.44999694824219,105.71977233886719,1836800
117.06999969482422,117.12999725341797,114.2300033569336,115.68000030517578,108.75645446777344,2559800
116.69999694824219,116.83000183105469,114.97000122070312,115.12000274658203,108.22997283935547,1770200
120.05000305175781,120.0999984741211,115.22000122070312,115.22000122070312,108.32398986816406,3263900
119.29000091552734,119.30000305175781,116.58999633789062,116.77999877929688,109.79061889648438,2269500
119.0,119.7300033569336,118.5,119.51000213623047,112.35723114013672,1725700
119.3499984741211,119.62000274658203,117.22000122070312,117.43000030517578,110.40171813964844,1525700
119.62999725341797,120.43000030517578,119.25,120.30999755859375,113.10934448242188,1052100
120.55999755859375,120.69000244140625,118.47000122070312,118.94999694824219,111.83074188232422,849100
117.44999694824219,117.6500015258789,116.43000030517578,116.98999786376953,109.98805236816406,1367600
118.48999786376953,119.45999908447266,117.87999725341797,117.93000030517578,110.87179565429688,1600800
117.91000366210938,118.68000030517578,117.43000030517578,118.68000030517578,111.57691192626953,1469900
117.30999755859375,117.70999908447266,116.7300033569336,117.0199966430664,110.01625061035156,1374000
117.83000183105469,118.0,116.2300033569336,117.38999938964844,110.3641128540039,1365400
117.19000244140625,117.25,115.69999694824219,116.80000305175781,109.80943298339844,1705000
116.58999633789062,118.13999938964844,116.55000305175781,118.08999633789062,111.022216796875,1040400
119.43000030517578,120.0199966430664,119.12999725341797,119.25,112.11279296875,504900
121.68000030517578,121.87999725341797,120.0199966430664,121.16000366210938,113.9084701538086,1918100
122.16000366210938,123.18000030517578,121.68000030517578,123.0199966430664,115.65714263916016,1288500
122.45999908447266,122.83000183105469,121.75,122.5,115.16827392578125,582000
121.7699966430664,123.06999969482422,121.7699966430664,122.41000366210938,115.08366394042969,602800
123.75,124.86000061035156,123.69999694824219,124.63999938964844,117.18019104003906,624800
123.12000274658203,123.81999969482422,123.01000213623047,123.22000122070312,115.84518432617188,537300
122.9800033569336,124.0999984741211,122.83000183105469,123.98999786376953,116.569091796875,516700
125.23999786376953,125.38999938964844,122.2300033569336,122.9800033569336,115.61955261230469,871500
121.05000305175781,123.25,120.7699966430664,123.0,115.63835144042969,765100
121.12000274658203,121.76000213623047,119.87999725341797,120.8499984741211,113.61702728271484,1005500
121.08999633789062,122.13999938964844,121.06999969482422,121.30999755859375,114.04949188232422,942300
122.97000122070312,123.25,122.33999633789062,123.06999969482422,115.70415496826172,643900
124.12999725341797,125.4800033569336,124.11000061035156,125.0,117.51864624023438,657600
128.14999389648438,128.77999877929688,127.80000305175781,128.6699981689453,120.96898651123047,955100
128.5500030517578,128.5500030517578,126.44999694824219,127.33999633789062,119.71858978271484,1318200
124.12000274658203,125.66000366210938,123.16999816894531,125.31999969482422,117.81949615478516,831600
126.44999694824219,126.76000213623047,125.58000183105469,125.93000030517578,118.39298248291016,860400
126.83999633789062,127.05000305175781,125.80000305175781,126.0,118.45878601074219,616500
125.91999816894531,126.30999755859375,125.5999984741211,126.05999755859375,118.51520538330078,223500
129.33999633789062,131.0,128.0800018310547,130.91000366210938,123.07493591308594,1626100
131.9499969482422,132.36000061035156,129.80999755859375,129.9499969482422,122.1723861694336,1058500
130.5500030517578,131.30999755859375,130.3300018310547,130.63999938964844,122.82108306884766,407200
130.6699981689453,130.86000061035156,129.64999389648438,130.38999938964844,122.58604431152344,379000
131.66000366210938,131.8000030517578,127.62999725341797,129.24000549316406,121.5048828125,1005400
129.05999755859375,130.32000732421875,128.88999938964844,129.97999572753906,122.2005844116211,879800
129.0,130.85000610351562,128.44000244140625,129.74000549316406,121.97496032714844,1000000
128.05999755859375,129.47999572753906,127.80999755859375,128.8000030517578,121.09121704101562,981200
130.16000366210938,131.33999633789062,128.9600067138672,131.16000366210938,123.30996704101562,909800
128.0399932861328,129.75999450683594,127.98999786376953,129.3000030517578,121.56129455566406,1335200
129.3300018310547,129.58999633789062,127.91000366210938,129.39999389648438,121.65530395507812,649200
128.6999969482422,129.10000610351562,128.0399932861328,128.05999755859375,120.39550018310547,871000
126.01000213623047,127.29000091552734,125.87000274658203,126.0999984741211,118.55281066894531,1060600
125.52999877929688,126.3499984741211,124.36000061035156,125.0,117.51864624023438,1564300
126.45999908447266,127.25,125.23999786376953,127.08000183105469,119.47415924072266,892400
126.73999786376953,128.02999877929688,126.62999725341797,127.62999725341797,119.9912338256836,917100
127.5999984741211,128.1300048828125,126.81999969482422,127.9000015258789,120.24507904052734,797500
126.48999786376953,128.36000061035156,126.2699966430664,127.4800033569336,119.8502197265625,934300
127.68000030517578,133.60000610351562,126.63999938964844,129.6300048828125,121.87154388427734,1742100
132.17999267578125,134.97999572753906,132.11000061035156,134.8800048828125,126.80732727050781,1883900
131.85000610351562,133.66000366210938,130.64999389648438,132.19000244140625,124.27833557128906,1829500
130.80999755859375,132.52000427246094,130.33999633789062,130.44000244140625,122.63306427001953,1437200
129.80999755859375,130.27000427246094,126.08999633789062,126.19999694824219,118.6468276977539,2396600
130.1300048828125,130.13999938964844,128.52000427246094,129.55999755859375,121.80573272705078,1314700
130.00999450683594,130.47999572753906,128.83999633789062,129.55999755859375,121.80573272705078,1308600
129.97000122070312,131.39999389648438,129.69000244140625,130.61000061035156,122.79289245605469,835300
131.24000549316406,132.50999450683594,130.75999450683594,132.30999755859375,124.39112854003906,732700
131.1300048828125,131.47999572753906,130.1999969482422,130.2899932861328,122.49203491210938,572500
131.72000122070312,132.0399932861328,130.72999572753906,131.5,123.6296157836914,554800
130.8800048828125,132.14999389648438,130.75999450683594,131.5399932861328,123.66722106933594,630300
131.36000061035156,131.36000061035156,129.10000610351562,129.6699981689453,121.90914154052734,701500
131.88999938964844,132.77999877929688,131.5399932861328,132.52000427246094,124.58857727050781,782000
130.91000366210938,132.00999450683594,130.7899932861328,131.92999267578125,124.03386688232422,799700
131.1999969482422,131.4600067138672,130.38999938964844,130.75999450683594,122.93389892578125,587900
126.83999633789062,127.13999938964844,125.27999877929688,126.30999755859375,118.750244140625,1692100
127.0999984741211,129.1300048828125,126.30000305175781,128.67999267578125,120.97838592529297,1197400
128.14999389648438,128.1999969482422,126.54000091552734,126.81999969482422,119.22972106933594,773800
126.08999633789062,126.9000015258789,125.55999755859375,125.7300033569336,118.20496368408203,740800
124.36000061035156,125.76000213623047,123.13999938964844,124.86000061035156,117.38703155517578,1394200
124.79000091552734,126.62000274658203,124.04000091552734,126.55999755859375,118.98527526855469,606100
125.55000305175781,126.12000274658203,123.27999877929688,123.69000244140625,116.28705596923828,735200
124.19999694824219,124.37999725341797,122.83999633789062,123.3499984741211,115.96739959716797,727700
124.0,124.77999877929688,123.91999816894531,124.41999816894531,116.97335815429688,551200
125.79000091552734,125.81999969482422,124.77999877929688,125.33999633789062,117.83829498291016,584500
123.88999938964844,124.70999908447266,122.7300033569336,123.12000274658203,115.75116729736328,781300
123.69999694824219,124.77999877929688,120.88999938964844,122.04000091552734,114.73580932617188,1044800
122.20999908447266,123.56999969482422,121.04000091552734,123.08000183105469,115.71356201171875,1146100
122.5199966430664,124.77999877929688,122.26000213623047,123.06999969482422,115.70415496826172,817500
126.63999938964844,127.69999694824219,125.79000091552734,126.2300033569336,118.6750259399414,927100
126.66999816894531,126.8499984741211,125.56999969482422,125.93000030517578,118.39298248291016,901200
127.11000061035156,127.27999877929688,126.41000366210938,126.8499984741211,119.25792694091797,890400
124.3499984741211,124.45999908447266,123.1500015258789,123.81999969482422,116.40927124023438,789300
122.88999938964844,123.3499984741211,122.05999755859375,122.7699966430664,115.42211151123047,797500
122.56999969482422,123.05000305175781,122.16000366210938,122.16999816894531,114.85802459716797,635100
122.37000274658203,124.16000366210938,121.79000091552734,123.62000274658203,116.22124481201172,740000
122.20999908447266,123.01000213623047,121.6500015258789,121.79000091552734,114.50076293945312,1071800
122.2300033569336,123.7300033569336,122.22000122070312,123.16999816894531,115.79817199707031,789000
122.44999694824219,124.12999725341797,122.41999816894531,122.94999694824219,115.59133911132812,829600
122.04000091552734,123.13999938964844,121.83000183105469,122.31999969482422,114.99903869628906,989700
121.56999969482422,122.12000274658203,120.88999938964844,121.08999633789062,113.8426513671875,860800
120.62999725341797,121.5999984741211,120.08000183105469,121.4800033569336,114.2093276977539,1008500
121.44000244140625,122.75,120.87999725341797,122.70999908447266,115.36570739746094,936800
121.63999938964844,123.05000305175781,121.58999633789062,122.44999694824219,115.12126922607422,1153800
121.62999725341797,121.8499984741211,121.05999755859375,121.54000091552734,114.26573181152344,689800
121.44999694824219,122.87000274658203,121.44000244140625,122.79000091552734,115.44091796875,851500
125.13999938964844,125.8499984741211,124.94999694824219,125.75,118.2237548828125,786800
126.48999786376953,132.1300048828125,126.31999969482422,131.8000030517578,123.91165924072266,2431300
128.89999389648438,129.52999877929688,128.38999938964844,128.4499969482422,120.76216888427734,1741500
129.8000030517578,130.3800048828125,129.4199981689453,129.7899932861328,122.02196502685547,987200
132.57000732421875,133.6699981689453,131.57000732421875,133.17999267578125,125.20906066894531,1591000
132.61000061035156,133.92999267578125,132.52000427246094,133.7899932861328,125.78255462646484,972400
132.25,132.8300018310547,132.10000610351562,132.39999389648438,124.47574615478516,704600
133.1300048828125,134.55999755859375,133.02999877929688,134.42999267578125,126.3842544555664,1056500
139.0,139.0,135.50999450683594,135.97000122070312,127.83209228515625,1427600
138.3800048828125,139.3699951171875,138.07000732421875,139.1999969482422,130.8687744140625,1148200
138.69000244140625,139.69000244140625,138.52999877929688,139.3000030517578,130.96278381347656,636800
139.16000366210938,139.8000030517578,138.8300018310547,139.52999877929688,131.17901611328125,699800
139.5,139.83999633789062,138.47000122070312,139.11000061035156,130.78414916992188,553000
138.6300048828125,142.00999450683594,138.50999450683594,141.89999389648438,133.4071502685547,914000
142.36000061035156,145.4199981689453,142.2100067138672,143.75,135.1464385986328,1113400
142.4600067138672,144.0399932861328,142.33999633789062,143.94000244140625,135.3250732421875,806200
143.30999755859375,143.5399932861328,142.55999755859375,143.22000122070312,134.64816284179688,572200
143.4600067138672,143.58999633789062,142.36000061035156,142.64999389648438,134.11227416992188,518300
142.9499969482422,144.49000549316406,142.64999389648438,144.0800018310547,135.45669555664062,1007100
144.07000732421875,144.19000244140625,142.47000122070312,143.77999877929688,135.17465209960938,876500
142.1999969482422,142.47999572753906,139.47000122070312,139.94000244140625,131.56448364257812,805600
141.3000030517578,141.83999633789062,140.61000061035156,141.02000427246094,132.57984924316406,589200
138.08999633789062,138.52000427246094,135.4499969482422,136.72000122070312,128.53720092773438,1201700
139.14999389648438,139.44000244140625,137.91000366210938,138.14999389648438,129.881591796875,517100
140.27999877929688,141.67999267578125,139.5500030517578,141.6699981689453,133.19094848632812,890100
141.9199981689453,142.72999572753906,141.44000244140625,141.74000549316406,133.2567596435547,695300
140.88999938964844,141.05999755859375,139.33999633789062,139.52000427246094,131.1696319580078,833100
136.58999633789062,138.19000244140625,136.36000061035156,137.8300018310547,129.5807647705078,1113800
136.19000244140625,137.13999938964844,135.1199951171875,135.5,127.39022064208984,705000
135.55999755859375,136.11000061035156,134.57000732421875,135.22999572753906,129.22398376464844,611000
137.11000061035156,138.89999389648438,136.72999572753906,138.82000732421875,132.65455627441406,690800
137.5399932861328,137.94000244140625,136.97000122070312,137.36000061035156,131.25938415527344,493600
137.9600067138672,138.88999938964844,137.6999969482422,138.0,131.8709716796875,512800
136.22000122070312,137.30999755859375,135.66000366210938,137.10000610351562,131.0109405517578,848800
137.94000244140625,140.80999755859375,137.80999755859375,140.1699981689453,133.944580078125,475000
140.32000732421875,140.60000610351562,139.58999633789062,139.85000610351562,133.63880920410156,335900
141.17999267578125,142.1199951171875,141.0800018310547,141.44000244140625,135.15817260742188,371700
141.24000549316406,141.5399932861328,140.52999877929688,140.97999572753906,134.71859741210938,436200
141.91000366210938,142.22000122070312,141.0399932861328,141.5500030517578,135.26329040527344,324700
139.7100067138672,139.75,138.3000030517578,138.35000610351562,132.20541381835938,713700
140.0,140.9199981689453,139.82000732421875,139.92999267578125,133.71522521972656,485400
141.1999969482422,141.27999877929688,139.52000427246094,140.02999877929688,133.81080627441406,449300
138.9600067138672,140.05999755859375,138.91000366210938,139.13999938964844,132.9603271484375,615700
137.88999938964844,138.39999389648438,137.47999572753906,137.83999633789062,131.7180633544922,682700
139.05999755859375,139.8800048828125,138.77999877929688,139.8800048828125,133.66746520996094,234400
140.7899932861328,141.27000427246094,140.5800018310547,140.91000366210938,134.65171813964844,279800
142.72999572753906,142.85000610351562,141.25999450683594,141.6699981689453,135.37796020507812,545300
140.63999938964844,141.30999755859375,139.83999633789062,139.97000122070312,133.7534637451172,486800
140.2100067138672,142.0,139.9499969482422,141.9499969482422,135.64553833007812,505800
142.2899932861328,143.55999755859375,142.24000549316406,143.50999450683594,137.13624572753906,409200
145.0,145.9600067138672,144.5500030517578,145.83999633789062,139.36276245117188,611700
146.1999969482422,146.2899932861328,143.75999450683594,144.22000122070312,137.81471252441406,880200
144.72999572753906,145.14999389648438,141.97000122070312,142.52000427246094,136.19021606445312,615800
140.63999938964844,142.35000610351562,140.60000610351562,141.80999755859375,135.51174926757812,426500
140.7100067138672,140.97000122070312,139.6300048828125,140.17999267578125,133.95413208007812,847100
140.82000732421875,141.0500030517578,139.6999969482422,140.77999877929688,134.52748107910156,730500
140.0500030517578,141.36000061035156,139.74000549316406,141.24000549316406,134.96707153320312,584100
140.86000061035156,141.16000366210938,138.61000061035156,138.7100067138672,132.5494384765625,472200
141.66000366210938,142.35000610351562,140.99000549316406,141.22999572753906,134.95750427246094,707800
140.94000244140625,141.1199951171875,140.02999877929688,140.36000061035156,134.12615966796875,326800
141.4199981689453,141.80999755859375,140.85000610351562,141.47000122070312,135.1868438720703,406400
142.8800048828125,143.08999633789062,142.25999450683594,142.8300018310547,136.4864501953125,331900
141.52000427246094,141.9499969482422,140.1199951171875,140.4600067138672,134.22171020507812,421800
140.0800018310547,140.9600067138672,139.77000427246094,140.50999450683594,134.2694854736328,413300
140.83999633789062,141.77000427246094,140.6300048828125,141.72000122070312,135.42575073242188,256500
142.5500030517578,143.0,141.05999755859375,141.7100067138672,135.41619873046875,427800
147.69000244140625,147.80999755859375,145.72000122070312,147.69000244140625,141.13059997558594,927000
144.44000244140625,146.67999267578125,144.33999633789062,146.11000061035156,139.6207733154297,966200
146.52999877929688,148.27999877929688,146.25999450683594,148.11000061035156,141.53195190429688,503800
148.3800048828125,149.58999633789062,147.8699951171875,148.9600067138672,142.34420776367188,589100
148.77000427246094,150.60000610351562,148.74000549316406,149.60000610351562,142.95578002929688,611300
150.17999267578125,150.6300048828125,149.1199951171875,150.1999969482422,143.52911376953125,547100
148.32000732421875,148.7899932861328,147.3300018310547,147.69000244140625,141.13059997558594,435000
148.61000061035156,148.8000030517578,147.35000610351562,147.64999389648438,141.09237670898438,393200
144.8300018310547,145.3800048828125,144.1999969482422,144.80999755859375,138.37850952148438,587100
142.64999389648438,144.5399932861328,142.52000427246094,144.10000610351562,137.70004272460938,1081400
136.3300018310547,140.19000244140625,136.08999633789062,138.86000061035156,132.69276428222656,2498800
138.38999938964844,140.27000427246094,138.38999938964844,139.3300018310547,133.1418914794922,848000
140.00999450683594,140.05999755859375,138.0399932861328,138.77000427246094,132.6067657470703,821700
139.08999633789062,139.33999633789062,138.25999450683594,138.66000366210938,132.50164794921875,685800
141.64999389648438,141.77000427246094,140.0500030517578,141.4199981689453,135.13906860351562,829700
141.66000366210938,143.3300018310547,141.22000122070312,142.97000122070312,136.6202392578125,642900
143.64999389648438,144.64999389648438,143.6300048828125,144.33999633789062,137.92938232421875,499000
143.32000732421875,144.1699981689453,143.0800018310547,143.72000122070312,137.3369140625,709400
143.0500030517578,144.61000061035156,142.75,143.32000732421875,136.95469665527344,382800
144.50999450683594,145.55999755859375,143.9600067138672,145.5399932861328,139.07608032226562,742400
145.8800048828125,147.0500030517578,145.6300048828125,146.38999938964844,139.88833618164062,1003100
148.52999877929688,149.3000030517578,148.4499969482422,148.94000244140625,142.3250732421875,574200
146.9600067138672,147.5399932861328,146.36000061035156,146.3699951171875,139.8692169189453,490300
146.39999389648438,146.69000244140625,146.0,146.55999755859375,140.05078125,480600
147.25999450683594,147.49000549316406,145.13999938964844,145.75,139.27676391601562,390400
146.4499969482422,146.6300048828125,144.97999572753906,145.24000549316406,138.78941345214844,359500
146.4199981689453,147.88999938964844,145.8300018310547,147.75,141.18792724609375,375600
147.77000427246094,148.33999633789062,147.44000244140625,148.3000030517578,141.7135009765625,221400
147.4499969482422,148.47000122070312,147.07000732421875,147.92999267578125,141.3599395751953,644100
147.8000030517578,148.99000549316406,147.66000366210938,148.9199981689453,142.30596923828125,497000
148.7100067138672,149.05999755859375,147.52000427246094,147.5800018310547,141.02549743652344,317200
145.55999755859375,147.6199951171875,145.5500030517578,147.02000427246094,140.4903564453125,543100
147.42999267578125,147.97000122070312,147.14999389648438,147.83999633789062,141.27392578125,305900
147.72999572753906,149.0800018310547,147.17999267578125,148.9499969482422,142.3346405029297,259300
147.85000610351562,148.69000244140625,147.60000610351562,148.22999572753906,141.6466064453125,290100
147.42999267578125,147.69000244140625,146.83999633789062,146.97999572753906,140.45213317871094,358300
147.25999450683594,147.75,146.86000061035156,147.1300048828125,140.59547424316406,261100
147.5500030517578,149.05999755859375,147.42999267578125,148.72000122070312,142.11485290527344,338100
148.7899932861328,149.94000244140625,148.5399932861328,149.8800048828125,143.2233428955078,291000
150.36000061035156,150.75,149.30999755859375,150.13999938964844,143.47178649902344,451000
150.77999877929688,151.47999572753906,150.0800018310547,150.11000061035156,143.443115234375,363500
149.57000732421875,149.6699981689453,148.86000061035156,148.97999572753906,142.36329650878906,211500
148.16000366210938,150.0,147.72000122070312,149.8300018310547,143.17556762695312,479200
150.72000122070312,150.91000366210938,149.61000061035156,149.6199951171875,142.97488403320312,383300
147.25999450683594,147.7899932861328,146.6300048828125,146.72999572753906,140.21322631835938,544800
146.52000427246094,147.0,145.47000122070312,145.67999267578125,139.20986938476562,345700
146.6699981689453,146.9600067138672,144.9600067138672,145.07000732421875,138.62696838378906,434400
145.92999267578125,146.10000610351562,144.67999267578125,145.27000427246094,138.81808471679688,542100
145.08999633789062,145.5399932861328,144.47000122070312,145.14999389648438,138.70339965820312,1336300
145.5500030517578,145.67999267578125,143.3000030517578,144.25,137.8433837890625,735800
144.72999572753906,144.99000549316406,143.75999450683594,144.86000061035156,138.42628479003906,448800
145.05999755859375,145.13999938964844,142.38999938964844,143.32000732421875,136.95469665527344,549300
139.41000366210938,140.36000061035156,138.1199951171875,139.1699981689453,132.98899841308594,829300
142.02000427246094,142.82000732421875,141.1999969482422,141.8300018310547,135.53085327148438,668000
141.77999877929688,142.5399932861328,141.22999572753906,141.7899932861328,135.4926300048828,320200
143.8800048828125,145.0,143.6699981689453,144.8800048828125,138.44540405273438,297400
142.24000549316406,142.77999877929688,141.5500030517578,142.58999633789062,136.25711059570312,451700
142.13999938964844,142.58999633789062,141.27000427246094,142.5,136.1710968017578,360900
139.0500030517578,139.1300048828125,137.4600067138672,137.57000732421875,131.46006774902344,716800
137.52999877929688,137.72000122070312,136.07000732421875,136.33999633789062,130.28468322753906,432600
135.83999633789062,136.27999877929688,134.9499969482422,135.0399932861328,129.04241943359375,458600
136.10000610351562,136.19000244140625,133.9600067138672,135.9499969482422,129.91200256347656,488700
135.1699981689453,135.2100067138672,133.08999633789062,133.77000427246094,127.82882690429688,456300
133.35000610351562,134.07000732421875,133.22999572753906,133.4199981689453,127.49436950683594,698800
133.16000366210938,135.7899932861328,132.97999572753906,135.75,129.7209014892578,700100
135.5399932861328,136.99000549316406,135.38999938964844,135.66000366210938,129.6348876953125,568700
136.74000549316406,136.75,135.36000061035156,135.44000244140625,129.42466735839844,525300
135.25999450683594,135.80999755859375,134.92999267578125,135.1199951171875,129.11886596679688,670200
135.42999267578125,135.63999938964844,134.47000122070312,134.6300048828125,128.65065002441406,526100
141.0399932861328,141.8699951171875,140.0800018310547,141.64999389648438,135.3588409423828,991600
143.83999633789062,145.47999572753906,143.5399932861328,145.0399932861328,138.59828186035156,682000
145.8000030517578,146.3699951171875,145.25999450683594,146.02999877929688,139.54432678222656,471400
145.33999633789062,145.5500030517578,144.86000061035156,145.3699951171875,138.91363525390625,468400
145.55999755859375,146.08999633789062,144.3699951171875,144.4199981689453,138.00582885742188,559400
145.27000427246094,145.27999877929688,143.5399932861328,143.64999389648438,137.27001953125,647000
139.22999572753906,141.00999450683594,137.7899932861328,139.4600067138672,133.26612854003906,1417300
141.61000061035156,142.35000610351562,140.75,141.77999877929688,135.4830780029297,764800
143.8000030517578,144.77000427246094,142.86000061035156,144.72000122070312,138.29249572753906,742800
145.89999389648438,146.60000610351562,145.5399932861328,145.72999572753906,139.2576446533203,848800
144.63999938964844,145.4499969482422,144.55999755859375,144.8800048828125,138.44540405273438,538600
146.83999633789062,147.8800048828125,146.8000030517578,147.47000122070312,140.9203643798828,539000
144.5,145.5800018310547,144.30999755859375,144.77999877929688,138.34983825683594,609900
145.64999389648438,146.5,145.10000610351562,146.24000549316406,139.74501037597656,615400
147.16000366210938,147.47999572753906,146.22999572753906,146.97000122070312,140.44256591796875,443100
147.80999755859375,149.69000244140625,147.44000244140625,149.42999267578125,142.79330444335938,427600
148.4600067138672,149.39999389648438,148.3000030517578,148.9199981689453,142.30596923828125,456700
149.27999877929688,149.66000366210938,148.39999389648438,149.52999877929688,142.8888702392578,550100
148.91000366210938,149.9199981689453,148.6300048828125,148.69000244140625,142.086181640625,390900
149.3000030517578,149.4499969482422,148.1300048828125,148.3300018310547,141.74217224121094,340200
147.1199951171875,147.66000366210938,145.64999389648438,145.64999389648438,139.1811981201172,373400
145.72000122070312,145.9600067138672,144.91000366210938,144.91000366210938,138.4740753173828,292200
143.97000122070312,144.0,142.39999389648438,142.41000366210938,136.08511352539062,561900
142.35000610351562,142.74000549316406,141.32000732421875,141.3800048828125,135.10086059570312,411800
141.52999877929688,142.97000122070312,141.4199981689453,142.25999450683594,135.94175720214844,482600
142.22000122070312,142.25999450683594,141.57000732421875,141.97000122070312,135.66464233398438,314500
140.75999450683594,142.47999572753906,140.67999267578125,142.47999572753906,136.15199279785156,381900
142.3800048828125,142.8800048828125,140.77000427246094,140.9499969482422,134.68994140625,563000
137.99000549316406,138.17999267578125,135.92999267578125,135.9600067138672,129.9215850830078,687200
134.97000122070312,135.72000122070312,134.19000244140625,135.47000122070312,129.45333862304688,548000
131.5399932861328,133.6999969482422,131.30999755859375,133.66000366210938,127.72371673583984,652400
132.60000610351562,133.1199951171875,130.2899932861328,130.67999267578125,124.87606811523438,536500
132.2899932861328,133.10000610351562,131.2899932861328,132.92999267578125,127.02613830566406,740900
130.8300018310547,131.3800048828125,127.72000122070312,128.44000244140625,122.73555755615234,1516500
131.47999572753906,132.8300018310547,129.75,129.80999755859375,124.04470825195312,1096300
129.63999938964844,130.67999267578125,128.8800048828125,130.1699981689453,124.38871765136719,824500
130.52999877929688,130.7100067138672,128.05999755859375,128.97999572753906,123.25157165527344,625300
130.52000427246094,132.7100067138672,130.0500030517578,132.58999633789062,126.70124053955078,997900
132.6999969482422,134.94000244140625,132.6999969482422,134.5,128.5264129638672,819900
134.4199981689453,134.72000122070312,133.8000030517578,134.52000427246094,128.5455322265625,519400
133.97999572753906,134.1199951171875,132.7899932861328,132.86000061035156,126.9592514038086,346800
134.77999877929688,135.7100067138672,134.49000549316406,135.38999938964844,129.3768768310547,556400
138.52999877929688,138.6199951171875,137.1699981689453,137.9499969482422,131.82318115234375,875600
136.5800018310547,136.9499969482422,134.63999938964844,135.60000610351562,129.5775604248047,710700
136.07000732421875,138.47000122070312,136.0,138.41000366210938,132.26275634765625,606200
139.77999877929688,139.86000061035156,136.9499969482422,137.64999389648438,131.53651428222656,559300
138.13999938964844,139.97999572753906,137.67999267578125,138.6300048828125,132.4729766845703,1175200
136.1999969482422,136.83999633789062,135.60000610351562,136.3800048828125,130.3229217529297,773600
136.75999450683594,137.6300048828125,135.8699951171875,137.4199981689453,131.3167266845703,487300
137.22999572753906,139.4199981689453,137.13999938964844,139.39999389648438,133.20877075195312,423200
139.1699981689453,140.35000610351562,139.1699981689453,140.0800018310547,133.8585968017578,336400
139.85000610351562,141.35000610351562,139.85000610351562,141.2899932861328,135.01483154296875,365100
140.6699981689453,141.6199951171875,140.25999450683594,141.50999450683594,135.22506713867188,504400
140.39999389648438,140.75,139.7100067138672,140.0399932861328,133.82034301757812,465900
140.91000366210938,141.4499969482422,140.3699951171875,140.39999389648438,134.16436767578125,246600
140.27999877929688,140.9199981689453,140.0,140.11000061035156,133.88723754882812,254100
140.32000732421875,141.57000732421875,139.16000366210938,141.39999389648438,135.1199493408203,811200
141.11000061035156,141.32000732421875,139.94000244140625,140.27000427246094,134.04014587402344,749400
141.63999938964844,141.69000244140625,139.38999938964844,139.5800018310547,133.3807830810547,902900
137.25999450683594,138.64999389648438,136.8000030517578,136.99000549316406,130.90582275390625,837300
137.07000732421875,138.42999267578125,136.6199951171875,138.25999450683594,132.11941528320312,632300
137.11000061035156,138.64999389648438,136.47999572753906,138.61000061035156,132.45387268066406,803500
137.74000549316406,138.97000122070312,137.4600067138672,138.7899932861328,132.62586975097656,720400
139.8699951171875,140.41000366210938,139.0,140.14999389648438,133.92547607421875,591500
139.02999877929688,139.39999389648438,135.7899932861328,135.91000366210938,129.87379455566406,657300
136.55999755859375,139.0399932861328,136.52999877929688,138.89999389648438,132.73098754882812,1388800
136.42999267578125,137.80999755859375,135.7100067138672,136.10000610351562,130.05535888671875,988000
137.22000122070312,138.6199951171875,136.69000244140625,136.7899932861328,130.71469116210938,681300
139.27999877929688,139.82000732421875,136.88999938964844,137.00999450683594,130.9249267578125,1018100
137.3699951171875,137.83999633789062,135.74000549316406,135.8000030517578,129.7686767578125,1414800
132.16000366210938,133.92999267578125,129.6699981689453,133.72000122070312,127.78105163574219,1767900
130.8000030517578,133.91000366210938,129.89999389648438,132.32000732421875,126.4432373046875,1474600
133.32000732421875,134.35000610351562,131.3300018310547,132.27999877929688,126.4050064086914,1572900
123.91999816894531,125.19999694824219,122.08000183105469,122.37999725341797,116.94469451904297,2149000
119.69999694824219,122.02999877929688,119.04000091552734,121.97000122070312,116.55290222167969,1479600
121.81999969482422,125.2300033569336,121.81999969482422,125.20999908447266,119.64900970458984,1143000
126.55000305175781,127.83999633789062,125.33000183105469,127.68000030517578,122.00930786132812,1289400
127.0,127.47000122070312,126.6500015258789,127.1500015258789,121.50285339355469,989800
124.27999877929688,125.44000244140625,123.58999633789062,123.80999755859375,118.31118774414062,1063900
124.54000091552734,126.44000244140625,124.29000091552734,126.13999938964844,120.53770446777344,1343100
127.70999908447266,128.16000366210938,126.52999877929688,126.88999938964844,121.25439453125,1121800
125.27999877929688,125.9000015258789,124.75,125.69000244140625,120.10769653320312,711300
125.55000305175781,126.37000274658203,124.93000030517578,126.29000091552734,120.68104553222656,945900
123.54000091552734,126.16000366210938,123.47000122070312,123.8499984741211,118.34941101074219,679500
123.62999725341797,124.18000030517578,120.0199966430664,120.33999633789062,114.99530029296875,979100
118.58999633789062,119.54000091552734,117.48999786376953,118.3499984741211,113.09368133544922,1384500
120.20999908447266,120.55999755859375,119.66000366210938,120.25,114.9093017578125,703400
119.86000061035156,121.05000305175781,119.08000183105469,120.91000366210938,115.53998565673828,766600
119.56999969482422,119.77999877929688,117.7300033569336,117.83999633789062,112.60633087158203,724700
117.61000061035156,117.66999816894531,115.61000061035156,115.70999908447266,110.57093811035156,831600
113.55999755859375,114.52999877929688,112.3499984741211,113.55999755859375,108.51642608642578,1052500
114.37999725341797,114.51000213623047,110.87999725341797,110.9800033569336,106.05101013183594,1219500
107.62000274658203,112.01000213623047,107.37000274658203,111.94999694824219,106.97792053222656,1878600
113.5999984741211,115.05000305175781,112.9800033569336,115.0199966430664,109.91158294677734,909500
112.18000030517578,114.13999938964844,111.47000122070312,112.58000183105469,107.57994842529297,1295500
111.13999938964844,111.91999816894531,108.87999725341797,109.25,104.39784240722656,1442000
111.12000274658203,113.44000244140625,110.62999725341797,113.19000244140625,108.1628646850586,1509900
111.4800033569336,111.54000091552734,108.66000366210938,109.01000213623047,104.16850280761719,1281900
107.12000274658203,107.4000015258789,105.33999633789062,106.0999984741211,101.38774871826172,1618000
108.05999755859375,108.45999908447266,104.94999694824219,104.97000122070312,100.30793762207031,1888000
106.08999633789062,108.97000122070312,104.13999938964844,106.20999908447266,101.49285888671875,1672700
109.62999725341797,112.94000244140625,109.2300033569336,111.8499984741211,106.88236999511719,1394800
108.08999633789062,109.44000244140625,107.4800033569336,108.51000213623047,103.69071197509766,874200
110.87999725341797,111.13999938964844,107.5999984741211,107.68000030517578,102.89757537841797,959200
110.55000305175781,111.72000122070312,109.83999633789062,110.05000305175781,105.16231536865234,1005100
110.87999725341797,111.01000213623047,109.06999969482422,110.7300033569336,105.81211853027344,898900
112.4000015258789,114.48999786376953,111.37000274658203,114.48999786376953,109.40512084960938,897600
113.63999938964844,115.7300033569336,113.51000213623047,115.70999908447266,110.57093811035156,816300
112.25,115.55000305175781,112.25,115.36000061035156,110.23648071289062,1406200
112.76000213623047,113.72000122070312,111.36000061035156,111.87000274658203,106.9014892578125,1329300
111.80000305175781,113.30000305175781,111.58999633789062,112.7300033569336,107.7232894897461,911200
110.48999786376953,110.94999694824219,109.69000244140625,109.79000091552734,104.91386413574219,1007300
110.01000213623047,111.30000305175781,109.52999877929688,111.22000122070312,106.28034973144531,712600
112.02999877929688,112.02999877929688,110.3499984741211,111.33999633789062,106.39501953125,570700
110.87000274658203,111.94000244140625,110.36000061035156,111.80999755859375,106.8441390991211,905600
115.29000091552734,116.0,113.73999786376953,114.73999786376953,109.64401245117188,920500
113.4800033569336,114.19999694824219,112.76000213623047,113.1500015258789,108.1246337890625,982400
113.0999984741211,113.31999969482422,110.88999938964844,110.95999908447266,106.03189849853516,1323100
110.80999755859375,111.08000183105469,109.41999816894531,110.62999725341797,105.716552734375,749800
110.13999938964844,112.58999633789062,110.12999725341797,112.4800033569336,107.48439025878906,1238900
111.12000274658203,111.7699966430664,110.25,110.80999755859375,105.88856506347656,1559300
109.9800033569336,110.38999938964844,109.05000305175781,109.70999908447266,104.83741760253906,766200
108.95999908447266,109.80000305175781,108.37000274658203,109.18000030517578,104.3309555053711,1048700
107.94999694824219,109.44999694824219,107.81999969482422,108.47000122070312,103.6524887084961,800000
108.19999694824219,108.52999877929688,107.41000366210938,107.55999755859375,102.78290557861328,1088400
106.66999816894531,107.54000091552734,104.83999633789062,105.41999816894531,100.73794555664062,1398600
104.29000091552734,106.01000213623047,104.05999755859375,105.91999816894531,101.21574401855469,1154900
105.6500015258789,105.7300033569336,103.88999938964844,103.88999938964844,99.27589416503906,914600
103.91999816894531,104.79000091552734,103.19999694824219,104.22000122070312,99.59124755859375,1020800
104.29000091552734,105.33000183105469,104.16000366210938,105.23999786376953,100.5659408569336,1106300
106.55000305175781,107.5,105.94999694824219,106.87999725341797,102.13310241699219,1350300
108.30000305175781,108.7699966430664,106.2300033569336,106.33999633789062,101.6170883178711,1723500
105.05000305175781,105.69000244140625,103.79000091552734,103.8499984741211,99.2376708984375,2378700
102.94999694824219,103.77999877929688,102.31999969482422,103.7300033569336,99.12300872802734,1541400
103.26000213623047,103.36000061035156,99.7699966430664,99.79000091552734,95.35800170898438,1362500
100.12999725341797,101.06999969482422,98.9000015258789,99.52999877929688,95.10954284667969,1589600
101.0,103.19999694824219,100.36000061035156,102.70999908447266,98.14830780029297,1185100
103.5,104.05000305175781,100.66999816894531,100.80000305175781,96.3231430053711,1137200
101.23999786376953,102.41999816894531,100.73999786376953,102.41000366210938,97.86163330078125,1658100
101.06999969482422,101.47000122070312,99.58999633789062,100.0,95.55866241455078,1990000
99.79000091552734,102.58999633789062,98.58000183105469,102.55999755859375,98.00496673583984,2117600
101.25,101.44000244140625,98.87999725341797,99.81999969482422,95.38665771484375,2176800
97.22000122070312,97.66000366210938,95.52999877929688,96.13999938964844,91.87010192871094,1988400
95.05000305175781,97.37999725341797,94.79000091552734,95.9800033569336,91.71720886230469,2595300
98.2300033569336,98.44000244140625,96.16000366210938,96.83000183105469,92.52945709228516,1520600
96.5,98.41000366210938,95.30000305175781,95.58999633789062,91.34452819824219,1568900
95.2699966430664,97.83000183105469,95.0,96.97000122070312,92.66323852539062,1578500
97.41999816894531,99.02999877929688,97.05000305175781,98.70999908447266,94.32595825195312,1214000
98.1500015258789,98.30999755859375,96.88999938964844,97.54000091552734,93.20793151855469,754300
100.01000213623047,100.05999755859375,97.77999877929688,99.05999755859375,94.66041564941406,1174400
97.36000061035156,97.48999786376953,92.94000244140625,93.23999786376953,89.0988998413086,2296700
93.19999694824219,96.4000015258789,93.01000213623047,95.3499984741211,93.79090118408203,2220400
97.33999633789062,97.58000183105469,95.81999969482422,97.43000030517578,95.8368911743164,2173600
98.63999938964844,99.83999633789062,98.2300033569336,99.83000183105469,98.1976547241211,1688500
99.70999908447266,99.94999694824219,97.91000366210938,98.69999694824219,97.08612823486328,2749800
96.61000061035156,98.05999755859375,96.23999786376953,97.31999969482422,95.72869110107422,1331400
97.04000091552734,98.80000305175781,96.94999694824219,98.47000122070312,96.85989379882812,760900
100.01000213623047,101.1500015258789,100.0,101.1500015258789,99.4960708618164,1034400
99.73999786376953,100.30999755859375,98.73999786376953,99.83999633789062,98.20748138427734,1459200
100.94000244140625,101.33999633789062,99.11000061035156,99.33000183105469,97.70582580566406,1786100
99.5199966430664,102.12999725341797,99.33000183105469,102.12000274658203,100.45021057128906,967700
100.58999633789062,101.06999969482422,100.0199966430664,100.43000030517578,98.787841796875,678900
102.16999816894531,102.4000015258789,100.62999725341797,100.86000061035156,99.21080780029297,740600
100.4800033569336,102.05999755859375,100.30000305175781,101.98999786376953,100.32233428955078,955900
100.56999969482422,101.04000091552734,99.62999725341797,99.86000061035156,98.22716522216797,815000
98.80999755859375,99.44999694824219,96.77999877929688,96.79000091552734,95.20735931396484,940000
95.58999633789062,95.61000061035156,93.66000366210938,94.16999816894531,92.63019561767578,1284300
90.6500015258789,91.7699966430664,90.12000274658203,90.81999969482422,89.33497619628906,1837900
91.72000122070312,91.87999725341797,89.91000366210938,90.37000274658203,88.892333984375,1629900
92.7699966430664,94.20999908447266,91.41999816894531,93.30000305175781,91.77442932128906,1294400
92.36000061035156,93.05999755859375,91.83000183105469,92.76000213623047,91.24325561523438,1466000
92.66999816894531,93.80000305175781,91.98999786376953,93.0,91.47933197021484,1435500
94.33000183105469,94.9000015258789,93.98999786376953,94.08999633789062,92.55150604248047,1023200
93.08000183105469,95.25,92.98999786376953,94.0,92.46298217773438,915100
93.33999633789062,94.38999938964844,92.79000091552734,94.23999786376953,92.69905090332031,919000
95.79000091552734,98.45999908447266,95.72000122070312,98.41000366210938,96.80087280273438,1276900
97.75,98.30999755859375,96.87000274658203,97.30000305175781,95.70902252197266,835700
96.55999755859375,97.05000305175781,95.45999908447266,95.47000122070312,93.90894317626953,1405100
94.33000183105469,95.19999694824219,93.7699966430664,93.93000030517578,92.39412689208984,1221400
89.91000366210938,91.25,88.95999908447266,90.72000122070312,89.23661041259766,1805100
89.7699966430664,90.70999908447266,89.30999755859375,90.69999694824219,89.21693420410156,1630000
87.56999969482422,89.19000244140625,87.31999969482422,89.16000366210938,87.7021255493164,1580400
90.04000091552734,90.38999938964844,88.98999786376953,89.86000061035156,88.39067077636719,1459800
89.87999725341797,90.7300033569336,89.87000274658203,90.70999908447266,89.22677612304688,805600
90.08000183105469,91.25,89.66999816894531,90.58999633789062,89.10873413085938,860400
89.16999816894531,89.33999633789062,88.19999694824219,88.31999969482422,86.8758544921875,1008600
87.8499984741211,88.05000305175781,86.11000061035156,86.3499984741211,84.93806457519531,1164700
84.56999969482422,86.52999877929688,84.4800033569336,85.94999694824219,84.54460144042969,1170200
84.63999938964844,85.79000091552734,83.5,85.41999816894531,84.02326965332031,1142100
87.0,88.0199966430664,86.63999938964844,88.0,86.56108856201172,1065800
88.76000213623047,89.48999786376953,87.86000061035156,88.08999633789062,86.64961242675781,1003100
90.55999755859375,92.41999816894531,90.19000244140625,92.33999633789062,90.83011627197266,1548200
91.7699966430664,92.7300033569336,91.48999786376953,92.33000183105469,90.8202896118164,1609100
87.83999633789062,90.3499984741211,87.31999969482422,90.29000091552734,88.81364440917969,2309800
94.77999877929688,95.80000305175781,93.2699966430664,93.75,92.2170639038086,1907300
93.0,93.12000274658203,91.2300033569336,91.97000122070312,90.46617126464844,1303800
90.87999725341797,90.95999908447266,89.87000274658203,90.29000091552734,88.81364440917969,924000
89.5999984741211,91.54000091552734,89.4000015258789,91.30999755859375,89.81696319580078,1545200
90.7300033569336,91.97000122070312,89.80999755859375,91.7699966430664,90.26943969726562,1051800
92.54000091552734,93.3499984741211,92.19999694824219,93.20999908447266,91.68589782714844,763300
93.77999877929688,94.6500015258789,93.37999725341797,93.79000091552734,92.25641632080078,1834700
91.55000305175781,92.12000274658203,91.12000274658203,91.19000244140625,89.69892883300781,1076300
92.26000213623047,93.63999938964844,92.26000213623047,93.48999786376953,91.96131896972656,777200
95.13999938964844,95.33999633789062,94.37999725341797,95.29000091552734,93.73188781738281,876800
93.6500015258789,94.56999969482422,93.41999816894531,94.55999755859375,93.0138168334961,815200
95.0199966430664,95.61000061035156,94.12000274658203,94.33000183105469,92.78758239746094,629900
94.19000244140625,94.29000091552734,93.5199966430664,93.76000213623047,92.2269058227539,643700
96.19999694824219,96.81999969482422,95.70999908447266,96.06999969482422,94.49913024902344,931900
96.19000244140625,96.19000244140625,95.05999755859375,95.23999786376953,93.68270111083984,792500
95.51000213623047,95.98999786376953,95.08000183105469,95.94999694824219,94.38108825683594,674200
94.91000366210938,95.9000015258789,94.83999633789062,95.80999755859375,94.24337768554688,1193300
94.19000244140625,94.69999694824219,93.69999694824219,94.19999694824219,92.65970611572266,828000
93.08000183105469,93.58000183105469,92.55000305175781,92.94999694824219,91.43014526367188,746900
92.73999786376953,92.97000122070312,92.11000061035156,92.45999908447266,90.94815826416016,703600
92.3499984741211,92.4800033569336,91.47000122070312,91.62000274658203,90.12189483642578,706800
89.44999694824219,89.51000213623047,88.2300033569336,88.43000030517578,86.98405456542969,916700
87.9000015258789,88.91000366210938,87.29000091552734,87.37000274658203,85.94139099121094,765400
87.02999877929688,88.0999984741211,86.81999969482422,87.41999816894531,85.99057006835938,753000
87.33999633789062,88.20999908447266,86.9000015258789,88.19999694824219,86.7578125,704800
87.8499984741211,87.91000366210938,84.02999877929688,84.23999786376953,82.86256408691406,1116400
84.36000061035156,85.05000305175781,84.13999938964844,84.58000183105469,83.19701385498047,959800
85.69000244140625,85.87000274658203,84.0999984741211,84.5199966430664,83.13798522949219,734500
85.33000183105469,86.30000305175781,85.06999969482422,85.22000122070312,83.82654571533203,1234500
84.52999877929688,84.69000244140625,82.41000366210938,83.9800033569336,82.60681915283203,1300300
84.83999633789062,85.55999755859375,82.7699966430664,83.2699966430664,81.9084243774414,1080300
84.83000183105469,85.16999816894531,83.80000305175781,84.16999816894531,82.79370880126953,1035900
84.5999984741211,85.79000091552734,84.3499984741211,85.56999969482422,84.17082214355469,1992400
83.69000244140625,85.33000183105469,83.44999694824219,85.30999755859375,83.91506958007812,960200
86.4000015258789,87.27999877929688,86.37999725341797,87.06999969482422,85.64629364013672,649500
88.5,89.30000305175781,88.37999725341797,88.94999694824219,87.49555206298828,818800
87.01000213623047,87.63999938964844,85.72000122070312,85.86000061035156,84.4560775756836,1077500
85.54000091552734,86.37000274658203,85.1500015258789,86.30999755859375,84.89871978759766,1289100
85.5,85.98999786376953,84.20999908447266,84.41000366210938,83.02979278564453,1332700
83.0,84.12999725341797,82.9000015258789,83.94000244140625,82.56747436523438,1093200
82.69000244140625,84.2699966430664,82.68000030517578,84.26000213623047,82.88224029541016,934900
82.75,83.62000274658203,82.37000274658203,82.93000030517578,81.57398986816406,1331500
83.06999969482422,84.01000213623047,82.18000030517578,82.33999633789062,80.9936294555664,1162200
82.04000091552734,82.29000091552734,80.97000122070312,81.37000274658203,80.03949737548828,1612700
79.18000030517578,79.4800033569336,78.22000122070312,79.47000122070312,78.17056274414062,2048200
80.08000183105469,81.08999633789062,79.1500015258789,79.62999725341797,78.32794189453125,2899800
80.4800033569336,80.98999786376953,78.55999755859375,79.12000274658203,77.82628631591797,2478700
79.37000274658203,81.7699966430664,79.01000213623047,81.45999908447266,80.12802124023438,2057000
80.25,80.55999755859375,79.19000244140625,80.4800033569336,79.16405487060547,2137300
81.45999908447266,82.61000061035156,81.19000244140625,81.25,79.92145538330078,1390600
82.44999694824219,84.12000274658203,82.02999877929688,83.94000244140625,82.56747436523438,1686600
86.81999969482422,88.3499984741211,86.54000091552734,88.04000091552734,86.60043334960938,1626500
86.19000244140625,87.44999694824219,85.58999633789062,87.18000030517578,85.7544937133789,1225200
86.58999633789062,87.22000122070312,86.16999816894531,86.36000061035156,84.94790649414062,1249700
85.38999938964844,85.5199966430664,84.1500015258789,84.52999877929688,83.1478271484375,1140700
84.45999908447266,84.52999877929688,83.37999725341797,84.05000305175781,82.67567443847656,1263900
83.63999938964844,84.5199966430664,82.7699966430664,83.01000213623047,81.65267944335938,1287300
83.2699966430664,83.88999938964844,82.5,82.51000213623047,81.16085815429688,1115600
80.9800033569336,85.37999725341797,80.5,85.1500015258789,83.7576904296875,1515200
86.69999694824219,87.58000183105469,84.5199966430664,84.61000061035156,83.22651672363281,1207800
86.41000366210938,87.52999877929688,86.36000061035156,86.8499984741211,85.42988586425781,1362700
90.22000122070312,90.30999755859375,88.33000183105469,89.0199966430664,87.56440734863281,1526700
87.70999908447266,87.97000122070312,86.30000305175781,86.7300033569336,85.31185913085938,1086400
86.91000366210938,88.45999908447266,86.70999908447266,86.91000366210938,85.4889144897461,1103400
88.44000244140625,90.95999908447266,88.0199966430664,90.87999725341797,89.39398956298828,1722400
90.62000274658203,91.19000244140625,89.19000244140625,91.01000213623047,89.5218734741211,1447700
96.58000183105469,97.29000091552734,96.02999877929688,96.31999969482422,94.74504089355469,2401400
96.2300033569336,99.13999938964844,96.1500015258789,97.76000213623047,96.1614990234375,1991000
97.7300033569336,98.9000015258789,97.2300033569336,97.44000244140625,95.84673309326172,1024800
96.58000183105469,97.86000061035156,96.55000305175781,97.70999908447266,96.11231231689453,1438000
96.4800033569336,96.88999938964844,96.05000305175781,96.05999755859375,94.48929595947266,986200
97.20999908447266,97.38999938964844,95.16999816894531,95.83999633789062,94.27288818359375,831300
96.66000366210938,97.16000366210938,93.97000122070312,93.97000122070312,92.4334716796875,1372400
93.30999755859375,94.31999969482422,92.66999816894531,92.69000244140625,91.17440032958984,1126700
95.68000030517578,96.18000030517578,94.54000091552734,96.0199966430664,94.44994354248047,1221300
96.94999694824219,97.73999786376953,96.13999938964844,97.56999969482422,95.97460174560547,1213200
97.87000274658203,99.26000213623047,96.73999786376953,97.97000122070312,96.3680648803711,1403700
97.94000244140625,98.62000274658203,97.47000122070312,97.55000305175781,95.9549331665039,947800
103.80999755859375,107.19000244140625,103.55999755859375,107.18000030517578,105.4274673461914,2371200
109.04000091552734,110.55000305175781,108.54000091552734,110.16999816894531,108.36857604980469,1997100
109.0999984741211,109.80999755859375,108.36000061035156,108.83000183105469,107.05049133300781,1133700
110.33000183105469,111.04000091552734,108.08000183105469,109.80999755859375,108.01446533203125,1627600
111.18000030517578,111.43000030517578,109.87000274658203,111.05999755859375,109.24402618408203,1226300
110.5,112.18000030517578,110.44000244140625,111.81999969482422,109.9916000366211,2138300
109.70999908447266,109.7300033569336,108.25,108.79000091552734,107.01114654541016,1214000
109.47000122070312,109.8499984741211,108.47000122070312,108.5,106.72588348388672,889800
108.44999694824219,109.66999816894531,107.9800033569336,109.62000274658203,107.82757568359375,735500
109.05999755859375,110.04000091552734,108.97000122070312,109.8499984741211,108.0538101196289,931600
109.81999969482422,110.66000366210938,109.79000091552734,110.6500015258789,108.84072875976562,411200
109.62000274658203,110.19000244140625,107.80000305175781,108.0,106.23406219482422,808600
107.33999633789062,107.48999786376953,106.38999938964844,106.91999816894531,105.17172241210938,831300
107.91999816894531,110.93000030517578,107.5,110.87000274658203,109.05713653564453,1019500
111.58999633789062,112.38999938964844,111.0199966430664,112.01000213623047,110.17849731445312,1000900
111.16000366210938,112.48999786376953,110.63999938964844,112.02999877929688,110.19816589355469,906900
110.76000213623047,111.25,109.94999694824219,110.2699966430664,108.4669418334961,661200
109.48999786376953,109.48999786376953,107.27999877929688,107.7699966430664,106.00782012939453,871000
107.48999786376953,108.05999755859375,106.75,107.87000274658203,106.10619354248047,1010500
107.16000366210938,108.36000061035156,106.55000305175781,107.81999969482422,106.0570068359375,902600
107.47000122070312,108.05000305175781,107.2300033569336,107.29000091552734,105.53567504882812,543200
107.22000122070312,108.37999725341797,107.16999816894531,108.36000061035156,106.58817291259766,951700
112.22000122070312,112.81999969482422,109.30999755859375,109.80999755859375,108.01446533203125,1050900
109.87999725341797,111.0,109.01000213623047,109.70999908447266,107.91609954833984,707500
107.88999938964844,108.08000183105469,105.3499984741211,105.58000183105469,103.85363006591797,928400
104.70999908447266,105.5,104.11000061035156,105.36000061035156,103.6372299194336,1505600
105.37000274658203,105.5,103.97000122070312,104.30000305175781,102.59456634521484,886100
103.91000366210938,104.54000091552734,103.5999984741211,104.48999786376953,102.78145599365234,1162300
104.80999755859375,105.55999755859375,104.48999786376953,104.80000305175781,103.08638763427734,756700
104.18000030517578,104.2300033569336,102.6500015258789,103.9800033569336,102.27980041503906,981500
103.22000122070312,103.70999908447266,102.66000366210938,103.5,101.8076400756836,760600
103.33000183105469,103.87999725341797,102.7699966430664,103.33999633789062,101.65025329589844,523500
102.87000274658203,103.43000030517578,101.77999877929688,101.80999755859375,100.14527130126953,635400
103.38999938964844,104.3499984741211,103.27999877929688,104.11000061035156,102.40766906738281,546800
102.80999755859375,103.29000091552734,102.36000061035156,103.19000244140625,101.50271606445312,442500
104.04000091552734,105.06999969482422,103.27999877929688,103.9800033569336,102.27980041503906,928800
107.12000274658203,107.16999816894531,105.72000122070312,106.88999938964844,105.1422119140625,819200
107.30999755859375,107.33999633789062,106.0,106.16000366210938,104.42414855957031,853400
106.58000183105469,109.37999725341797,105.5,109.11000061035156,107.32591247558594,820900
110.69999694824219,112.87999725341797,110.69999694824219,111.44000244140625,109.61781311035156,1481800
112.30999755859375,113.43000030517578,112.0199966430664,113.41999816894531,111.56543731689453,1093400
114.20999908447266,114.91999816894531,113.98999786376953,114.87000274658203,112.99172973632812,785900
115.30999755859375,116.69000244140625,114.12999725341797,116.68000030517578,114.77213287353516,1082800
115.72000122070312,117.1500015258789,115.70999908447266,117.01000213623047,115.09674072265625,755600
116.22000122070312,117.44000244140625,115.73999786376953,116.20999908447266,114.309814453125,826800
118.05999755859375,118.80000305175781,116.91999816894531,117.08000183105469,115.16559600830078,1394900
114.8499984741211,116.12999725341797,114.6500015258789,115.66999816894531,113.77864837646484,891100
115.55999755859375,117.1500015258789,115.20999908447266,117.12000274658203,115.20494079589844,728500
115.63999938964844,117.0199966430664,115.5999984741211,116.70999908447266,114.80164337158203,1059800
116.04000091552734,116.56999969482422,115.79000091552734,116.19000244140625,114.29014587402344,1022100
115.41999816894531,116.5199966430664,114.51000213623047,116.16000366210938,114.26063537597656,1310900
112.75,114.69000244140625,112.30000305175781,114.0999984741211,112.23431396484375,1869700
112.55000305175781,114.0199966430664,112.25,113.20999908447266,111.35887145996094,957900
116.51000213623047,117.05999755859375,115.70999908447266,116.08999633789062,114.1917724609375,1587800
116.62999725341797,118.56999969482422,116.56999969482422,118.52999877929688,116.59188079833984,1270400
119.37000274658203,121.41999816894531,118.30000305175781,121.02999877929688,119.0510025024414,853900
122.70999908447266,123.27999877929688,122.19000244140625,122.97000122070312,120.95928192138672,866500
120.18000030517578,121.91000366210938,120.08999633789062,120.62999725341797,118.65753936767578,1098500
119.94999694824219,120.29000091552734,119.3499984741211,119.72000122070312,117.7624282836914,519500
118.11000061035156,120.19000244140625,117.81999969482422,119.83999633789062,117.88045501708984,538300
118.63999938964844,119.51000213623047,118.22000122070312,118.61000061035156,116.67057800292969,872200
120.52999877929688,120.63999938964844,118.18000030517578,118.69999694824219,116.75910186767578,636000
117.55000305175781,117.8499984741211,116.80000305175781,117.3499984741211,115.4311752319336,662000
117.52999877929688,118.51000213623047,117.44999694824219,118.4800033569336,116.5427017211914,374200
117.98999786376953,119.63999938964844,117.63999938964844,118.76000213623047,116.81812286376953,616000
117.80000305175781,119.30999755859375,117.7300033569336,119.2699966430664,117.31977844238281,669500
117.58000183105469,118.62000274658203,117.12000274658203,117.95999908447266,116.03120422363281,505000
116.51000213623047,117.44000244140625,116.16999816894531,117.3499984741211,115.4311752319336,411000
115.16000366210938,115.76000213623047,114.72000122070312,114.77999877929688,112.9031982421875,867000
115.52999877929688,115.88999938964844,114.79000091552734,115.26000213623047,113.37535095214844,510600
116.30999755859375,116.7699966430664,114.86000061035156,116.01000213623047,114.11309051513672,784500
113.95999908447266,114.36000061035156,112.56999969482422,113.18000030517578,111.32936096191406,991700
115.18000030517578,115.54000091552734,114.73999786376953,115.12999725341797,113.24747467041016,579900
114.06999969482422,114.83999633789062,113.76000213623047,113.81999969482422,111.95890045166016,693500
115.12000274658203,115.12000274658203,113.4000015258789,114.2300033569336,112.36219787597656,848900
113.05000305175781,114.63999938964844,113.0,114.52999877929688,112.65728759765625,664900
115.86000061035156,116.97000122070312,115.77999877929688,116.9000015258789,114.98853302001953,694500
119.5,120.20999908447266,119.04000091552734,119.7300033569336,117.77226257324219,953700
118.86000061035156,118.94000244140625,116.5999984741211,116.88999938964844,114.97869873046875,469600
116.72000122070312,117.55000305175781,116.19999694824219,117.41000366210938,115.49019622802734,730100
117.4000015258789,118.5,115.94999694824219,115.98999786376953,114.09341430664062,691900
117.97000122070312,118.0199966430664,115.2300033569336,115.45999908447266,113.57208251953125,1005300
114.30999755859375,115.80999755859375,113.63999938964844,115.02999877929688,113.14910888671875,1144700
118.06999969482422,118.48999786376953,117.1500015258789,118.12000274658203,116.18859100341797,862000
114.33999633789062,115.69999694824219,113.69999694824219,115.5999984741211,113.70979309082031,1111300
116.37999725341797,120.4000015258789,116.20999908447266,120.30000305175781,118.33294677734375,1052700
119.06999969482422,120.22000122070312,118.08999633789062,119.22000122070312,117.27059936523438,1040300
121.33999633789062,121.4800033569336,120.5199966430664,121.37999725341797,119.39527893066406,771600
122.43000030517578,123.61000061035156,122.12000274658203,123.4800033569336,121.46094512939453,594200
122.81999969482422,124.47000122070312,122.22000122070312,122.23999786376953,120.24121856689453,480500
124.04000091552734,125.27999877929688,123.05000305175781,123.73999786376953,121.71669006347656,599500
123.11000061035156,123.54000091552734,122.02999877929688,123.29000091552734,121.2740478515625,907100
123.8499984741211,124.38999938964844,122.98999786376953,123.25,121.23470306396484,571100
123.55000305175781,123.6500015258789,122.73999786376953,123.47000122070312,121.45111083984375,631400
123.58000183105469,124.55999755859375,123.54000091552734,124.31999969482422,122.2872085571289,915900
125.51000213623047,126.06999969482422,125.11000061035156,126.06999969482422,124.00859069824219,746000
125.83999633789062,126.7699966430664,125.7300033569336,126.55000305175781,124.48075103759766,668200
126.18000030517578,126.43000030517578,125.56999969482422,126.31999969482422,124.25450897216797,876300
126.94999694824219,127.86000061035156,126.91000366210938,127.80999755859375,125.72013854980469,788200
128.00999450683594,128.22999572753906,126.27999877929688,126.73999786376953,124.66763305664062,665600
128.0,128.8800048828125,127.19999694824219,128.7100067138672,126.60543060302734,989500
127.5999984741211,127.5999984741211,125.80000305175781,127.44999694824219,125.36602783203125,604300
126.69000244140625,127.05000305175781,126.3499984741211,126.54000091552734,124.47090911865234,1146800
127.58999633789062,128.1199951171875,126.79000091552734,127.11000061035156,125.03158569335938,1318400
127.05999755859375,128.49000549316406,127.05999755859375,128.0500030517578,125.95622253417969,1132100
127.72000122070312,128.1699981689453,126.69999694824219,127.41999816894531,125.33651733398438,980000
127.75,127.94999694824219,126.66999816894531,127.19999694824219,125.1201171875,1387900
128.1300048828125,128.3000030517578,127.3499984741211,127.63999938964844,125.55292510986328,1417100
127.66999816894531,127.7699966430664,127.05999755859375,127.30000305175781,125.2184829711914,1512200
126.93000030517578,127.72000122070312,126.4000015258789,126.86000061035156,124.78567504882812,1512400
132.1300048828125,134.63999938964844,131.8000030517578,133.9499969482422,131.75973510742188,2742800
132.88999938964844,133.74000549316406,131.9199981689453,132.5399932861328,130.37278747558594,1406600
134.4600067138672,135.6699981689453,133.41000366210938,133.42999267578125,131.2482452392578,1427200
135.61000061035156,135.61000061035156,133.1199951171875,133.35000610351562,131.1695556640625,1346400
135.7899932861328,136.85000610351562,135.00999450683594,136.64999389648438,134.41558837890625,967500
135.33999633789062,135.7100067138672,134.8300018310547,135.27000427246094,133.05816650390625,747500
135.57000732421875,135.57000732421875,134.44000244140625,134.47999572753906,132.2810821533203,467200
133.61000061035156,134.5,133.49000549316406,134.36000061035156,132.1630401611328,867600
136.0800018310547,137.32000732421875,135.27999877929688,135.77999877929688,133.559814453125,1414800
133.86000061035156,134.63999938964844,133.44000244140625,134.08999633789062,131.89744567871094,692500
134.1300048828125,135.0,134.0,134.75999450683594,132.55650329589844,623800
136.05999755859375,136.1999969482422,135.22000122070312,135.77999877929688,133.559814453125,718500
133.9600067138672,135.10000610351562,133.83999633789062,134.67999267578125,132.47779846191406,674800
134.83999633789062,135.41000366210938,133.85000610351562,134.8300018310547,132.62535095214844,733600
134.07000732421875,134.1300048828125,132.80999755859375,133.69000244140625,131.50399780273438,756900
131.7899932861328,132.02000427246094,131.2899932861328,131.5800018310547,131.5800018310547,655500
130.36000061035156,134.0500030517578,130.10000610351562,131.3000030517578,131.3000030517578,1864700
131.32000732421875,133.88999938964844,131.2100067138672,133.16000366210938,133.16000366210938,2324800
133.39999389648438,133.5800018310547,131.63999938964844,132.6199951171875,132.6199951171875,995600
133.39999389648438,134.14999389648438,133.11000061035156,133.89999389648438,133.89999389648438,954700
134.5800018310547,135.1199951171875,134.27999877929688,134.27999877929688,134.27999877929688,696700
133.47000122070312,133.92999267578125,133.25999450683594,133.2899932861328,133.2899932861328,693500
132.52999877929688,132.80999755859375,129.7100067138672,129.8300018310547,129.8300018310547,1170700
129.6300048828125,129.6300048828125,128.77000427246094,129.2100067138672,129.2100067138672,717300
129.8000030517578,129.82000732421875,128.83999633789062,129.44000244140625,129.44000244140625,1352200
130.1300048828125,131.6300048828125,130.0399932861328,131.41000366210938,131.41000366210938,832100
131.91000366210938,132.07000732421875,130.1199951171875,130.24000549316406,130.24000549316406,729100
130.47999572753906,130.8699951171875,129.14999389648438,130.44000244140625,130.44000244140625,1325000
131.14999389648438,132.3699951171875,130.6199951171875,132.1699981689453,132.1699981689453,783400
133.25999450683594,133.52999877929688,132.50999450683594,132.97000122070312,132.97000122070312,532500
132.3000030517578,132.3300018310547,131.25999450683594,131.5,131.5,515100
132.16000366210938,132.24000549316406,131.52000427246094,131.83999633789062,131.83999633789062,551900
132.75,133.25999450683594,131.47999572753906,131.6999969482422,131.6999969482422,805200
132.00999450683594,133.2899932861328,131.9600067138672,133.2100067138672,133.2100067138672,417100
132.9499969482422,133.60000610351562,132.0500030517578,132.72000122070312,132.72000122070312,499300
131.9600067138672,133.94000244140625,131.74000549316406,133.77000427246094,133.77000427246094,1084100
134.66000366210938,135.83999633789062,134.02999877929688,135.2899932861328,135.2899932861328,766600
134.63999938964844,136.36000061035156,134.47000122070312,135.55999755859375,135.55999755859375,505900
134.9199981689453,137.05999755859375,134.6199951171875,137.0399932861328,137.0399932861328,688500
139.0399932861328,139.25,137.19000244140625,137.27999877929688,137.27999877929688,983300
136.05999755859375,136.8300018310547,135.47999572753906,136.00999450683594,136.00999450683594,686200
135.57000732421875,135.67999267578125,134.3800048828125,134.7899932861328,134.7899932861328,824500
134.3800048828125,135.4199981689453,134.3000030517578,135.11000061035156,135.11000061035156,697700
133.6999969482422,134.1199951171875,133.27999877929688,133.47000122070312,133.47000122070312,477900
133.10000610351562,133.2100067138672,132.25,132.42999267578125,132.42999267578125,474200
132.49000549316406,133.1999969482422,132.00999450683594,133.00999450683594,133.00999450683594,682600
133.75,134.97000122070312,133.6999969482422,134.27000427246094,134.27000427246094,679700
134.3000030517578,134.42999267578125,133.5399932861328,134.42999267578125,134.42999267578125,454400
135.4600067138672,137.14999389648438,135.32000732421875,136.80999755859375,136.80999755859375,1061900
135.6699981689453,135.88999938964844,133.86000061035156,134.5500030517578,134.5500030517578,612200
133.6999969482422,134.47999572753906,133.47000122070312,134.39999389648438,134.39999389648438,1265100
132.8300018310547,132.9199981689453,131.49000549316406,132.42999267578125,132.42999267578125,817500
132.77000427246094,134.0,132.60000610351562,133.25999450683594,133.25999450683594,1029300
133.38999938964844,135.0399932861328,133.3699951171875,134.8800048828125,134.8800048828125,1067600
135.2899932861328,136.44000244140625,134.91000366210938,136.32000732421875,136.32000732421875,1114200
138.69000244140625,140.7899932861328,138.0800018310547,140.5800018310547,140.5800018310547,1524800
142.39999389648438,144.16000366210938,142.33999633789062,143.9600067138672,143.9600067138672,1576400
144.0399932861328,144.89999389648438,144.0399932861328,144.35000610351562,144.35000610351562,762700
142.86000061035156,145.10000610351562,142.77000427246094,144.99000549316406,144.99000549316406,1143100
144.3800048828125,145.0,143.25,144.91000366210938,144.91000366210938,928000
143.6300048828125,144.33999633789062,142.3800048828125,143.0,143.0,1121200
140.86000061035156,141.50999450683594,133.0399932861328,133.92999267578125,133.92999267578125,2770100
135.75,136.13999938964844,133.82000732421875,134.02000427246094,134.02000427246094,1909500
133.52000427246094,133.55999755859375,132.22999572753906,132.38999938964844,132.38999938964844,1096400
132.11000061035156,133.02000427246094,131.8300018310547,132.61000061035156,132.61000061035156,996700
131.4499969482422,132.58999633789062,131.11000061035156,132.33999633789062,132.33999633789062,841000
135.44000244140625,136.25999450683594,133.97999572753906,134.07000732421875,134.07000732421875,909800
135.8300018310547,136.83999633789062,135.39999389648438,136.80999755859375,136.80999755859375,1022900
137.27000427246094,137.6999969482422,136.3000030517578,136.35000610351562,136.35000610351562,828500
136.32000732421875,136.69000244140625,135.72000122070312,136.38999938964844,136.38999938964844,807400
135.1699981689453,135.17999267578125,132.7899932861328,133.2100067138672,133.2100067138672,829500
132.2100067138672,132.77999877929688,131.91000366210938,132.1999969482422,132.1999969482422,463400
133.0500030517578,134.50999450683594,132.50999450683594,132.9600067138672,132.9600067138672,645600
135.52000427246094,135.8699951171875,134.47000122070312,135.8000030517578,135.8000030517578,594800
133.5500030517578,134.8000030517578,133.17999267578125,134.6300048828125,134.6300048828125,1218500
134.74000549316406,136.22000122070312,134.5500030517578,135.52000427246094,135.52000427246094,1402900
137.97000122070312,139.50999450683594,137.5500030517578,137.88999938964844,137.88999938964844,1222300
136.97000122070312,137.72999572753906,136.57000732421875,137.64999389648438,137.64999389648438,1340100
137.77000427246094,139.0,137.57000732421875,138.9499969482422,138.9499969482422,662800
138.0800018310547,138.60000610351562,137.41000366210938,137.69000244140625,137.69000244140625,808600
138.32000732421875,139.08999633789062,137.33999633789062,137.4199981689453,137.4199981689453,710800
136.47999572753906,136.69000244140625,134.13999938964844,134.33999633789062,134.33999633789062,1063300
133.97999572753906,135.66000366210938,133.63999938964844,135.36000061035156,135.36000061035156,1050800
136.08999633789062,136.9600067138672,135.52000427246094,136.7100067138672,136.7100067138672,562900
138.83999633789062,138.97999572753906,138.02999877929688,138.47000122070312,138.47000122070312,629600
138.47999572753906,140.5500030517578,138.47999572753906,140.13999938964844,140.13999938964844,680700
138.82000732421875,138.86000061035156,135.4600067138672,135.5800018310547,135.5800018310547,837000
136.91000366210938,137.97999572753906,135.38999938964844,137.4600067138672,137.4600067138672,793300
137.94000244140625,138.72000122070312,137.55999755859375,138.33999633789062,138.33999633789062,556700
137.5500030517578,140.13999938964844,137.5500030517578,140.0500030517578,140.0500030517578,403100
140.17999267578125,141.17999267578125,140.17999267578125,140.63999938964844,140.63999938964844,374300
